CD_MUN_UOR;Cod IBGE
5488;1100015
9560;1100023
17685;1100031
18355;1100049
24795;1100056
26245;1100064
28295;1100072
28422;1100080
33078;1100098
38150;1100106
49020;1100114
49355;1100122
54392;1100130
62254;1100148
64355;1100155
69915;1100189
73400;1100205
74165;1100254
78210;1100288
80568;1100296
98703;1100304
86725;1100320
62664;1100338
6097;1100346
5773;1100403
17501;1100452
63162;1100502
17915;1100601
20485;1100700
21045;1100809
25270;1100924
37483;1101005
58340;1101203
58707;1101302
59735;1101401
83985;1101492
89055;1101500
96635;1101708
3485;1200013
10003;1200054
16570;1200104
21975;1200179
29400;1200203
32707;1200252
34170;1200302
55115;1200336
71520;1200385
77100;1200401
78125;1200427
88755;1200450
88690;1200500
92410;1200609
99580;1200708
10360;1300300
11720;1300409
13990;1300607
14870;1300706
16080;1300805
22410;1301001
25810;1301209
31960;1301407
39900;1301704
44500;1301902
51410;1302405
55050;1302504
55100;1302603
55380;1302702
57560;1302900
66700;1303403
74110;1303536
84155;1303809
91200;1304062
92800;1304203
5583;1400050
14650;1400100
21478;1400175
22090;1400209
43569;1400282
60675;1400308
64490;1400456
78385;1400472
84555;1400506
3080;1500107
3320;1500206
3790;1500305
5150;1500404
5370;1500503
5500;1500602
6790;1500800
10240;1500909
10339;1500958
10880;1501204
11700;1501303
13600;1501402
13920;1501501
15513;1501576
16400;1501709
16550;1501725
16947;1501782
16950;1501808
19720;1502103
20787;1502152
21630;1502202
21930;1502301
23660;1502400
26390;1502707
29890;1502772
31212;1502939
34925;1503044
37190;1503093
39420;1503101
41620;1503200
41640;1503309
43295;1503457
44010;1503507
44900;1503606
47150;1503705
47880;1503804
50950;1503903
54635;1504059
55600;1504208
55830;1504406
56652;1504422
57695;1504455
58880;1504604
59140;1504703
99999;1504752
59420;1504802
62880;1505007
63210;1505031
63213;1505064
63300;1505106
63880;1505304
65875;1505502
66582;1505536
72830;1505809
73180;1505908
75650;1506138
77453;1506161
78320;1506187
79080;1506203
80390;1506500
80713;1506609
81560;1506708
81900;1506807
82880;1507003
83655;1507151
83670;1507201
83780;1507300
84040;1507409
84226;1507458
86720;1507607
87450;1507706
90770;1507904
91485;1507953
93960;1508001
94925;1508084
94960;1508100
95905;1508126
96415;1508159
98240;1508209
98820;1508308
99677;1508407
6240;1600105
6252;1600154
52527;1600279
54250;1600303
63360;1600501
73120;1600535
81480;1600600
5325;1700350
6075;1700707
6785;1701002
8370;1702000
8400;1702109
8460;1702208
8670;1702307
9700;1702406
10235;1702554
26145;1705508
26258;1705557
28890;1706100
30770;1707009
31010;1707108
34692;1707652
34693;1707702
35296;1708205
37290;1709005
38605;1709302
39450;1709500
51645;1711902
58400;1713205
58675;1713304
62725;1714880
65375;1715754
66055;1716109
66160;1716208
68460;1716505
68640;1716604
26148;1716703
73200;1718204
80183;1718865
89990;1720655
90380;1720804
91460;1720903
65101;1721000
93800;1721208
99470;1722107
3290;2100055
4850;2100204
4940;2100303
6320;2100600
8470;2100907
10547;2101103
10650;2101202
10710;2101301
11140;2101400
11550;2101509
11960;2101608
12540;2101707
14090;2101905
15225;2102002
16750;2102101
17400;2102200
17460;2102309
17487;2102325
18940;2102507
21520;2102705
23150;2102804
23340;2102903
24450;2103000
25070;2103208
25950;2103307
25980;2103406
26140;2103505
27670;2103604
30160;2103703
31310;2103802
33050;2104008
33425;2104057
35380;2104107
37350;2104404
37480;2104602
37525;2104677
37600;2104800
39290;2104909
39920;2105005
41630;2105203
42250;2105302
45650;2105401
46805;2105427
49600;2105500
51520;2105708
51516;2105807
51525;2105948
53220;2106003
53700;2106102
57340;2106508
57430;2106607
58430;2106706
58605;2106755
58800;2106805
59180;2106904
60450;2107100
62727;2107357
63510;2107407
64530;2107506
65940;2107704
66850;2107803
67010;2107902
67240;2108009
67850;2108108
68400;2108207
69200;2108454
70050;2108504
70300;2108603
70450;2108702
71720;2108900
73090;2109007
74080;2109106
74135;2109205
74240;2109270
76100;2109502
78440;2109601
80290;2109809
80320;2109908
80500;2110005
80900;2110203
82070;2110278
82640;2110302
83220;2110500
83330;2110609
83680;2110708
84020;2110906
84570;2111003
84950;2111102
85875;2111201
86250;2111300
86330;2111409
86620;2111508
87210;2111607
92520;2112001
93540;2112100
93600;2112209
94840;2112233
95090;2112308
95510;2112506
97150;2112704
98010;2112803
99030;2112902
99100;2113009
99856;2114007
3900;2200202
5720;2200301
5940;2200400
6310;2200509
7160;2200608
12460;2201200
13040;2201507
15300;2201903
17480;2202000
20400;2202208
21530;2202307
23720;2202604
25840;2202703
26190;2202752
28150;2202901
28990;2203107
29870;2203206
30430;2203305
31990;2203503
33040;2203701
35000;2203909
35630;2204204
35890;2204303
36920;2204402
37910;2204501
42790;2204709
46690;2205102
48220;2205201
49740;2205409
49920;2205508
53870;2205706
54100;2205805
58050;2206209
63340;2207009
65280;2207504
66800;2207702
67720;2207801
68440;2207900
69650;2208007
69930;2208106
70440;2208205
70700;2208304
71250;2208403
72850;2208502
75740;2208809
76780;2208908
79980;2209104
85000;2210003
86870;2210409
87110;2210508
87220;2210607
90120;2210706
90170;2210805
93000;2211001
96150;2211100
96500;2211209
96960;2211308
3350;2300200
3450;2300309
4590;2300408
6590;2300754
7460;2300804
7960;2300903
8010;2301000
8150;2301109
8240;2301208
8940;2301307
9980;2301604
10330;2301703
11220;2301851
11660;2301901
12480;2301950
12730;2302008
12900;2302057
13200;2302107
13340;2302206
13410;2302305
14630;2302404
16850;2302503
19800;2302602
20720;2302701
21340;2302800
22720;2303105
22730;2303204
22750;2303303
23090;2303402
23530;2303501
23940;2303600
24270;2303659
24340;2303709
24570;2303808
25150;2303907
25220;2303956
27510;2304004
28700;2304103
28750;2304202
29060;2304236
29130;2304251
33660;2304285
33890;2304301
35310;2304350
35350;2304400
35410;2304459
35690;2304509
36750;2304608
37560;2304657
37700;2304707
37790;2304905
38090;2304954
38560;2305001
38610;2305100
39740;2305209
39820;2305233
40370;2305308
41310;2305357
41400;2305407
41900;2305506
42380;2305605
43400;2305803
43500;2305902
43570;2306009
43930;2306108
44880;2306256
45500;2306306
45950;2306405
46110;2306504
46510;2306553
46610;2306603
48060;2306702
48100;2306801
48110;2306900
48170;2307007
48830;2307106
49357;2307254
50250;2307304
50320;2307403
52760;2307502
53330;2307601
54510;2307635
55700;2307650
55800;2307700
56050;2307809
56960;2308005
57590;2308104
57960;2308203
58135;2308302
58155;2308351
58840;2308401
59150;2308500
59340;2308609
60060;2308708
60230;2308906
60680;2309003
60760;2309102
62710;2309201
62840;2309300
63190;2309409
63310;2309458
64010;2309508
64480;2309607
64500;2309706
64540;2309805
64580;2309904
65840;2310209
65960;2310258
66110;2310308
68720;2310605
69000;2310704
69140;2310803
70110;2310852
70520;2310902
72800;2311108
73470;2311207
75257;2311264
75300;2311306
75350;2311405
75370;2311504
75640;2311603
75920;2311702
78650;2311801
81520;2312007
80850;2312205
83180;2312304
84320;2312403
88800;2312700
90500;2312908
90720;2313005
91350;2313104
92620;2313302
92845;2313351
93280;2313401
94220;2313500
95460;2313559
95650;2313609
96040;2313757
96430;2313807
96630;2313906
97280;2314003
98170;2314102
3360;2400109
3500;2400208
5170;2400505
5870;2400703
7170;2400802
7830;2401008
9330;2401107
20270;2401305
11630;2401453
18750;2402006
21240;2402204
22420;2402303
24540;2402600
30000;2403103
66840;2403251
33760;2403608
34800;2403806
37210;2404200
37470;2404309
38180;2404507
43020;2404705
48920;2405603
48940;2405702
49570;2405801
50390;2406106
51720;2406502
52190;2406700
54180;2407104
54300;2407203
56830;2407401
59430;2407807
60600;2408003
61300;2408102
61790;2408201
62300;2408300
66670;2408904
67480;2409308
67550;2409407
68620;2409803
79810;2411205
81720;2411403
82380;2411502
84330;2412005
85760;2412203
85490;2412302
86670;2412500
86940;2412609
87840;2412906
89307;2413359
93340;2414209
94150;2414407
95940;2414506
96280;2414605
4690;2500403
5310;2500601
85052;2500700
8050;2500809
8980;2501005
9300;2501104
9670;2501302
11250;2501500
12260;2501609
13290;2501807
15950;2502409
15980;2502508
16790;2502805
17570;2503001
17670;2503209
18330;2503506
18640;2503605
19000;2503704
19900;2504009
24100;2504306
24330;2504355
26340;2504405
27520;2504801
29650;2505105
33010;2506004
33790;2506103
38500;2506301
42520;2506806
44150;2506905
46240;2507002
46270;2507101
47530;2507309
49650;2507507
50170;2507705
51650;2508208
51840;2508307
54960;2508901
56200;2509107
59850;2509701
67350;2510808
67700;2510907
68290;2511202
69550;2511301
69670;2511400
69810;2511509
71340;2511806
71740;2512002
72100;2512101
74380;2512309
74630;2512408
74890;2512507
75870;2512705
77770;2512903
80510;2513406
80910;2513703
83230;2513901
85840;2514503
88050;2515302
89210;2515500
90610;2516003
90620;2516102
90780;2516201
91020;2516300
91400;2516409
91900;2516508
92750;2516607
92810;2516706
95900;2516904
96030;2517001
3230;2600054
3700;2600104
3770;2600203
3830;2600302
4100;2600401
4240;2600500
4730;2600609
5320;2600708
5550;2600807
6270;2600906
8950;2601102
9250;2601201
12610;2601409
13650;2601508
13680;2601607
13810;2601706
14230;2601904
15050;2602001
15150;2602100
15230;2602209
15920;2602308
16670;2602407
16820;2602605
17270;2602803
17690;2602902
17800;2603009
18240;2603108
19475;2603454
19810;2603504
21330;2603702
21990;2603801
23050;2603900
23170;2604007
23300;2604106
23980;2604205
24575;2604304
24950;2604502
26840;2604601
28170;2604700
29690;2604908
29820;2605004
30210;2605103
31593;2605152
32920;2605202
33770;2605301
34190;2605400
34830;2605608
34890;2605707
36280;2605905
36350;2606002
37020;2606101
37100;2606200
37740;2606408
40120;2606507
40530;2606606
41670;2606804
42270;2607000
43320;2607208
43460;2607307
44710;2607505
45780;2607703
47390;2607901
49540;2608107
50790;2608404
51700;2608503
51690;2608701
51695;2608750
52140;2608800
53300;2608909
54260;2609006
54430;2609105
58630;2609303
60170;2609402
61480;2609501
63650;2609600
63980;2609709
64210;2609907
65050;2610004
65580;2610202
66830;2610400
67040;2610509
67710;2610707
67970;2610806
69320;2610905
69360;2611002
69380;2611101
72120;2611309
75190;2611507
75600;2611606
76520;2611804
78860;2612000
79040;2612208
79120;2612307
79460;2612406
79910;2612505
80670;2612604
81365;2612802
83215;2612901
83300;2613008
83460;2613107
84520;2613206
85260;2613305
85570;2613404
85440;2613503
85600;2613602
86140;2613701
87990;2613800
89450;2613909
89620;2614006
89700;2614105
90230;2614204
60120;2614303
91050;2614501
91220;2614600
91370;2614808
91610;2614857
92330;2615003
93500;2615300
94020;2615409
94730;2615607
94810;2615706
95180;2615805
95280;2615904
97700;2616001
98040;2616308
99050;2616407
3930;2700102
8650;2700300
10130;2700409
12330;2700607
13050;2700706
14920;2701001
18340;2701209
20060;2701407
20230;2701506
20890;2701605
26210;2702108
28310;2702306
28660;2702355
30410;2702405
33455;2702553
34180;2702603
36940;2702900
41500;2703106
41760;2703205
42680;2703304
49720;2703809
50640;2704005
51610;2704104
53320;2704203
54350;2704302
54840;2704401
55730;2704500
55940;2704609
56140;2704708
57470;2705101
60980;2705507
63170;2705606
63540;2705705
63760;2706000
64280;2706109
65200;2706307
65640;2706406
66695;2706422
67070;2706505
68800;2706703
69500;2706802
69820;2706901
70940;2707107
71920;2707206
72960;2707305
74840;2707602
77430;2707701
81650;2708006
85700;2708303
86020;2708402
86390;2708501
86710;2708600
87360;2708808
92230;2709103
92975;2709152
96200;2709301
98100;2709400
7980;2800209
8100;2800308
9110;2800407
16035;2800670
20160;2801009
21360;2801207
21750;2801306
22710;2801405
23030;2801504
28980;2801702
33250;2802106
35800;2802304
44200;2802908
44210;2803005
46260;2803203
48540;2803302
51500;2803500
54200;2803708
59130;2804102
61560;2804409
62000;2804508
61970;2804607
62110;2804805
71940;2805505
74500;2805703
76130;2805802
76830;2806008
83570;2806701
90080;2807105
93770;2807402
95970;2807600
3300;2900306
3630;2900355
4040;2900405
4750;2900702
4910;2900801
6350;2901007
6430;2901106
6470;2901155
6740;2901205
6970;2901353
7140;2901403
7390;2901601
8220;2902104
10870;2902500
10980;2902609
11467;2902658
11800;2902708
12000;2902807
11940;2902906
12160;2903003
12500;2903201
12750;2903235
13750;2903409
13760;2903508
14800;2903805
15460;2903904
15890;2904001
16040;2904100
16330;2904209
17080;2904605
17230;2904704
17490;2904753
17615;2904852
17980;2904902
18380;2905008
18450;2905206
18470;2905305
18840;2905404
19350;2905602
19370;2905701
19400;2905800
20090;2905909
20220;2906006
20930;2906204
21000;2906303
21020;2906402
21030;2906501
21080;2906600
21160;2906709
21550;2906824
21771;2906857
21855;2906873
22450;2906907
22550;2907004
22660;2907103
23420;2907202
23770;2907301
24160;2907509
24320;2907558
25330;2907806
25540;2907905
25800;2908002
25930;2908101
26500;2908200
26360;2908309
26480;2908408
26580;2908507
26860;2908606
26890;2908705
27810;2909208
28200;2909307
28830;2909604
29150;2909802
29830;2909901
30790;2910057
31200;2910107
32640;2910503
33200;2910602
33590;2910701
33650;2910727
34020;2910750
34200;2910800
34694;2910859
35280;2911105
36340;2911204
36800;2911303
37510;2911600
38230;2911709
38880;2911808
40030;2911907
40410;2912004
40450;2912103
40500;2912301
40600;2912509
40800;2912806
40850;2912905
40910;2913002
41220;2913200
41520;2913408
41820;2913507
42050;2913606
42620;2913705
43150;2913903
43180;2914000
43550;2914109
43820;2914406
43850;2914505
43950;2914604
44225;2914653
44250;2914703
44350;2914802
44390;2914901
44550;2915007
44565;2915205
45100;2915502
45150;2915601
45250;2915809
45410;2916005
45570;2916203
45800;2916401
45920;2916500
46100;2916609
46480;2916807
46870;2917003
46890;2917102
46980;2917300
47230;2917334
47500;2917409
47800;2917508
47960;2917607
48020;2917706
49200;2918001
49260;2918100
49360;2918209
49380;2918308
50200;2918407
50380;2918456
50983;2918506
51980;2918803
52460;2919157
52650;2919207
52950;2919306
53150;2919405
53500;2919504
53923;2919553
54190;2919603
54270;2919702
54320;2919801
54540;2919926
54750;2920106
54890;2920205
55440;2920452
55710;2920502
55740;2920601
57100;2921005
57680;2921104
58080;2921203
58670;2921401
59780;2921500
60320;2921708
60470;2921807
60690;2921906
60710;2922003
60800;2922102
61000;2922300
61110;2922409
61450;2922508
61880;2922656
62280;2922706
62860;2922904
62970;2923001
63710;2923209
66130;2923605
66570;2923704
66720;2923803
67750;2924009
69790;2924405
70070;2924603
71270;2924801
71600;2925006
71950;2925105
72050;2925204
72630;2925253
73320;2925303
73690;2925501
74090;2925600
74250;2925758
74900;2925808
75850;2926004
76090;2926103
76160;2926202
76140;2926301
76310;2926400
76510;2926608
77270;2926707
76980;2926806
77720;2927002
78700;2927200
79070;2927309
79300;2927408
79540;2927507
79890;2927705
81430;2928000
80800;2928109
81490;2928208
81880;2928307
80940;2928406
82100;2928604
82600;2928703
82970;2928802
83600;2928901
83611;2928950
83750;2929008
83763;2929057
83725;2929107
83960;2929206
84128;2929255
86750;2929404
87590;2929503
88080;2929602
88470;2929800
88500;2929909
88850;2930105
89405;2930154
88960;2930204
89270;2930303
89600;2930501
89650;2930600
90130;2930709
90461;2930774
91790;2931004
91810;2931053
91910;2931202
92815;2931350
92940;2931509
93160;2931707
94920;2931905
95530;2932002
95580;2932101
95600;2932200
95700;2932309
95880;2932408
96080;2932507
96310;2932606
96740;2932804
96900;2932903
96970;2933000
97340;2933158
97740;2933208
99000;2933307
99277;2933455
99300;2933505
99680;2933604
3060;3100203
3220;3100302
3890;3100609
4290;3100906
4500;3101102
5100;3101508
5200;3101607
5400;3101706
5480;3101904
5540;3102001
6060;3102308
6980;3102605
7040;3102803
7490;3102902
8300;3103405
8450;3103504
9130;3103900
9150;3104007
9210;3104106
9240;3104205
9260;3104304
9500;3104452
9520;3104502
10080;3104601
10180;3104700
11200;3105103
11520;3105400
11650;3105608
12940;3105905
13800;3106200
13830;3106309
13840;3106408
14100;3106507
14210;3106705
14250;3106903
14500;3107109
15000;3107307
15200;3107406
15260;3107505
15480;3107604
15570;3107901
15650;3108008
15740;3108107
15850;3108206
16140;3108305
16280;3108404
16561;3108552
16610;3108602
16660;3108909
17070;3109006
17170;3109105
17190;3109204
17500;3109303
17520;3109402
17730;3109501
18150;3109709
18420;3110004
19180;3110301
19420;3110509
19680;3110608
19830;3110905
19850;3111002
19960;3111101
20100;3111200
20420;3111309
20610;3111507
20670;3111606
20920;3111804
21040;3112000
21800;3112307
21870;3112604
21923;3112703
22030;3112901
22160;3113008
22280;3113206
22300;3113305
22400;3113404
22800;3113701
22920;3113909
22960;3114006
22930;3114204
23000;3114303
23010;3114402
23040;3114501
23210;3114600
23600;3115102
23800;3115300
23960;3115359
24420;3115508
24690;3115706
24720;3115805
24990;3116001
25700;3116605
26010;3116704
26300;3117009
26380;3117108
26350;3117306
26600;3117504
26730;3117702
27000;3118007
27100;3118304
27150;3118403
27240;3118601
27330;3118700
27400;3118809
27480;3118908
27550;3119104
27650;3119203
27700;3119302
27750;3119401
27900;3119609
28860;3120201
28970;3120508
29470;3120805
30200;3120904
30750;3121605
30940;3122009
31000;3122306
31040;3122405
31350;3122702
31450;3122900
31500;3123205
32070;3123601
32650;3123908
32890;3124005
32960;3124104
32970;3124203
33100;3124302
33380;3124500
33550;3124807
33740;3125101
34630;3125903
35200;3126109
35540;3126505
35600;3126703
35900;3127107
36160;3127305
37110;3127388
37340;3127404
37550;3127701
37720;3127800
38250;3128006
38290;3128105
38640;3128303
38650;3128402
39200;3128709
39270;3128808
39300;3128907
39360;3129004
39600;3129202
40070;3129301
40260;3129509
40680;3129707
40870;3129806
41610;3130101
42300;3130606
42450;3130705
42700;3130903
42895;3131158
43000;3131208
43040;3131307
43520;3131505
43640;3131604
44280;3131703
44290;3131802
44300;3131901
44380;3132107
44620;3132206
45050;3132404
45160;3132503
45220;3132701
45310;3132909
45320;3133006
45400;3133105
45430;3133204
45450;3133303
45510;3133402
45620;3133501
46660;3133758
46750;3133808
46800;3134004
47050;3134202
47170;3134400
47460;3134608
47720;3134707
47840;3134806
47920;3134905
48201;3135050
48320;3135100
48500;3135209
48455;3135456
49190;3135506
49250;3135803
49440;3136009
49610;3136207
49660;3136306
50160;3136652
50450;3136702
50870;3136900
51460;3137007
51490;3137106
51770;3137205
51660;3137403
51670;3137502
51820;3137601
52240;3137700
52280;3137809
52750;3138203
53050;3138401
53120;3138500
53230;3138609
54040;3138807
54400;3139003
54880;3139201
55200;3139300
55300;3139409
55350;3139508
55450;3139607
56230;3139904
56290;3140001
56780;3140506
57250;3140704
57280;3140803
57380;3140902
57420;3141009
57450;3141108
57700;3141405
57910;3141603
57980;3141702
58260;3141801
58270;3141900
58360;3142007
58460;3142106
58510;3142205
58940;3142304
59330;3142601
59350;3142700
59450;3142809
59560;3142908
59590;3143005
59600;3143104
59790;3143203
59950;3143302
59800;3143401
60080;3143500
60950;3143906
61120;3144003
61150;3144102
61200;3144300
61570;3144607
62320;3144706
62630;3144805
62790;3145000
62810;3145109
62850;3145208
63090;3145307
63620;3145505
63700;3145604
64290;3145901
64300;3146008
64350;3146107
64740;3146305
64860;3146503
65800;3147006
65750;3147105
66070;3147303
66430;3147402
66920;3147600
66930;3147709
67200;3147907
67400;3148004
67450;3148103
67930;3148608
68000;3148707
68210;3149101
68430;3149200
68540;3149309
69070;3149804
69090;3149903
69600;3150109
70630;3150604
70850;3150802
71050;3151206
71160;3151305
71410;3151404
71470;3151503
71650;3151602
71860;3151701
72000;3151800
72160;3152006
72500;3152105
72820;3152204
73460;3152402
73550;3152501
73740;3152709
73950;3152808
74180;3153400
75550;3154002
75960;3154200
76000;3154309
76175;3154457
76630;3154606
77170;3154903
77500;3155405
77550;3155504
77610;3155603
77630;3155702
77650;3155801
77690;3155900
78100;3156304
78610;3156601
78710;3156700
78750;3156809
78800;3156908
79060;3157005
79560;3157203
80440;3157708
80530;3157807
80590;3157906
80700;3158003
80750;3158201
81860;3158300
80930;3159209
81100;3159605
81390;3159803
82430;3159902
82580;3160306
82660;3160405
83150;3160702
83700;3161007
83900;3161106
84310;3161700
84390;3162005
84400;3162104
84590;3162203
85030;3162401
85050;3162500
84890;3162609
84930;3162708
84720;3162807
84850;3162906
85240;3162922
85400;3162948
85705;3162955
86120;3163706
87160;3163904
87050;3164001
87240;3164209
87440;3164407
87550;3164704
87800;3165008
87820;3165107
88010;3165305
88350;3165537
88750;3165701
89420;3166808
89630;3167103
89800;3167202
90070;3167400
90150;3167608
91530;3168002
92510;3168408
92830;3168507
92950;3168606
93640;3168705
93810;3169000
93950;3169208
94400;3169307
94525;3169356
94600;3169406
95150;3169604
95450;3169703
95550;3169901
95570;3170008
95750;3170107
95800;3170206
96100;3170404
97200;3170701
97350;3170800
97420;3170909
97500;3171006
97940;3171204
98150;3171303
98750;3171600
98770;3171808
98780;3171907
98815;3172004
3730;3200102
5000;3200201
5220;3200300
6880;3200409
8280;3200607
11050;3200805
12290;3200904
14550;3201001
16710;3201159
18300;3201209
22610;3201308
23700;3201407
26100;3201506
26400;3201605
26460;3201704
31410;3201902
31930;3202108
37900;3202306
38720;3202405
40220;3202454
40700;3202504
41430;3202603
44050;3202652
44590;3202702
45700;3202801
46470;3202900
47240;3203007
48025;3203056
49620;3203130
53400;3203205
55907;3203320
56145;3203346
56440;3203353
58200;3203403
59380;3203502
60900;3203700
60910;3203809
62900;3203908
65570;3204005
70365;3204104
71500;3204203
74156;3204302
77010;3204351
77520;3204401
80450;3204500
80705;3204559
81300;3204609
83685;3204658
84170;3204708
85470;3204807
86600;3204906
87266;3204955
89110;3205002
90737;3205010
97110;3205036
97630;3205069
98020;3205101
98677;3205176
98680;3205200
98950;3205309
7200;3300100
8970;3300209
9280;3300225
17555;3300233
9690;3300258
12200;3300308
12150;3300407
13710;3300456
15240;3300506
15450;3300605
17700;3300704
18210;3300803
19640;3300902
22340;3300936
26270;3300951
20675;3301009
21500;3301108
22570;3301157
22900;3301207
23570;3301306
26590;3301405
27430;3301504
31770;3301603
31900;3301702
32410;3301801
38330;3301850
41810;3301876
44320;3301900
44600;3302007
45130;3302056
45470;3302106
45750;3302205
46550;3302254
54150;3302403
54450;3302452
54700;3302502
55230;3302601
56380;3302700
57830;3302809
57990;3302858
58090;3302908
58390;3303005
61360;3303104
61730;3303203
61800;3303302
62450;3303401
62550;3303500
65770;3303609
65930;3303708
66520;3303807
67270;3303856
69400;3303906
70250;3303955
70720;3304003
72730;3304102
74790;3304128
74930;3304144
75230;3304151
75950;3304201
77050;3304300
77190;3304409
77320;3304508
77540;3304524
77425;3304557
80710;3304607
82700;3304706
84000;3304755
83800;3304805
84300;3304904
84560;3305000
84840;3305109
86060;3305133
86065;3305158
87010;3305208
88250;3305505
89080;3305554
89950;3305604
91030;3305703
91780;3305752
93040;3305802
94650;3306008
96950;3306107
97240;3306156
97470;3306206
99150;3306305
3600;3500105
4200;3500303
4340;3500402
4300;3500501
4345;3500550
4350;3500600
4390;3500709
5240;3500808
5560;3501004
5570;3501103
6010;3501202
6020;3501301
6030;3501400
6040;3501509
6500;3501608
6540;3501707
6650;3501905
7000;3502101
7090;3502200
7270;3502408
7670;3502507
7790;3502705
8200;3502804
8270;3502903
8850;3503208
8900;3503307
9290;3503406
9380;3503604
9570;3503703
9870;3503802
9900;3503901
10000;3504008
10200;3504107
10300;3504206
10380;3504305
10390;3504404
10400;3504503
10740;3504602
11120;3504800
11230;3504909
11750;3505203
11850;3505302
12700;3505500
12710;3505609
12950;3505708
12990;3505807
13100;3505906
13250;3506003
13300;3506102
14110;3506300
14150;3506359
14330;3506409
14350;3506508
14360;3506607
14950;3506805
15130;3507001
16130;3507407
16300;3507506
16450;3507605
16760;3507753
17010;3507803
17030;3507902
17360;3508009
17380;3508108
17770;3508306
17790;3508405
17870;3508504
18170;3508603
18360;3508702
18500;3508801
18760;3509007
18920;3509205
18950;3509254
19010;3509304
19070;3509403
20000;3509502
20370;3509601
20680;3509700
20710;3509809
20880;3509908
21130;3510005
21140;3510104
21680;3510203
21950;3510401
22150;3510500
22350;3510609
22560;3510708
23400;3510807
23730;3511003
23900;3511102
24560;3511300
24820;3511409
24840;3511508
24930;3511607
25120;3511706
26120;3512001
26760;3512209
26780;3512308
27450;3512407
27660;3512506
28280;3512704
28350;3512803
28480;3513009
28760;3513108
29300;3513405
29500;3513504
29750;3513603
30540;3513702
30690;3513801
30980;3513900
31090;3514106
31750;3514403
31760;3514502
31820;3514601
31920;3514700
31980;3514809
32020;3514908
32120;3515004
32130;3515103
32315;3515152
33163;3515186
33530;3515202
33600;3515350
34010;3515400
34500;3515509
34460;3515608
34560;3515707
35130;3516002
35500;3516200
35590;3516309
35660;3516408
36150;3516606
36400;3516705
36740;3516903
36880;3517000
36970;3517109
38000;3517406
38300;3517505
38320;3517604
38470;3517703
38510;3517802
38700;3518107
38800;3518206
38830;3518305
38900;3518404
38960;3518503
38980;3518602
39060;3518701
39100;3518800
39680;3519006
39770;3519055
39860;3519071
40000;3519105
40100;3519253
40200;3519303
40650;3519402
40830;3519501
41000;3519600
41180;3519709
41380;3519808
41470;3519907
41550;3520004
41600;3520103
41830;3520301
42030;3520400
42025;3520442
42370;3520509
42470;3520707
42880;3520806
43065;3520905
43090;3521002
43100;3521101
43420;3521309
43590;3521408
43790;3521507
44230;3521705
44670;3521804
44990;3521903
45020;3522000
45380;3522109
45630;3522208
45850;3522307
45900;3522406
45910;3522505
46000;3522604
46200;3522703
46250;3522802
46290;3522901
46380;3523107
46500;3523206
46520;3523305
46580;3523404
46590;3523503
46840;3523602
46850;3523701
46950;3523909
47130;3524006
47200;3524105
47450;3524303
47590;3524402
47670;3524501
47890;3524600
48160;3524709
48250;3524808
48390;3525003
48970;3525102
49010;3525201
49150;3525300
49290;3525409
49520;3525508
49670;3525607
49900;3525706
50510;3525805
50530;3525854
50600;3525904
50650;3526001
50700;3526100
52530;3526407
52910;3526704
53000;3526803
53250;3526902
53450;3527108
53680;3527207
53760;3527306
53800;3527405
53820;3527504
53860;3527603
53980;3527801
54290;3528007
54310;3528106
54760;3528403
54780;3528502
55190;3528601
55610;3528700
55630;3528809
55860;3528858
56350;3528908
56500;3529005
56800;3529203
57150;3529302
57510;3529401
58110;3529708
58305;3529807
58380;3529906
58650;3530102
58700;3530201
58750;3530300
58900;3530508
59000;3530607
59030;3530706
59050;3530805
59240;3531100
59500;3531308
59550;3531407
59570;3531506
59870;3531704
59730;3531803
60270;3531902
60510;3532009
61610;3532504
61650;3532603
61770;3532702
62120;3532801
62370;3532900
62500;3533007
62520;3533106
62700;3533403
63150;3533502
63260;3533601
63320;3533700
63600;3533908
63850;3534104
63950;3534302
64050;3534401
64100;3534609
64250;3534708
64404;3534757
64450;3534906
64960;3535002
65260;3535200
65410;3535309
65620;3535408
65900;3535507
65950;3535606
65978;3535705
66320;3535804
66470;3536000
66740;3536208
67470;3536307
67670;3536505
67800;3536604
67950;3536703
68340;3537008
68370;3537107
68415;3537156
68610;3537206
68750;3537305
69100;3537404
69120;3537503
69270;3537602
69510;3537701
69710;3537800
69840;3537909
70000;3538006
70100;3538105
70200;3538204
70500;3538303
70530;3538501
70570;3538600
70650;3538709
70750;3538808
70800;3538907
70870;3539004
71070;3539202
71100;3539301
71130;3539400
71390;3539509
71610;3539608
71660;3539707
71690;3539806
72070;3539905
72150;3540002
72180;3540101
72350;3540200
72690;3540507
73030;3540606
73050;3540705
73510;3540804
73730;3540903
73820;3541000
74070;3541208
74100;3541307
74200;3541406
74300;3541505
74450;3541604
74750;3541703
74960;3541901
75140;3542008
75500;3542206
75670;3542305
75760;3542404
75770;3542503
75800;3542602
76550;3542909
76560;3543006
76580;3543105
76680;3543303
76700;3543402
76880;3543709
76940;3543808
77200;3543907
77620;3544004
77415;3544103
77860;3544202
78410;3544251
78520;3544301
78580;3544400
78740;3544608
78820;3544707
78920;3544905
78930;3545001
79110;3545100
79190;3545209
79260;3545308
79230;3545407
79470;3545605
79600;3545803
79640;3546009
79740;3546108
79920;3546207
79970;3546306
80000;3546405
80200;3546603
80280;3546702
80350;3546801
81780;3547304
81060;3547502
81220;3547601
82200;3547700
82250;3547809
82420;3547908
82820;3548005
82770;3548203
83100;3548500
83270;3548609
83350;3548708
83450;3548807
83500;3548906
84600;3549102
84960;3549300
85230;3549409
85430;3549508
85410;3549607
85900;3549706
85950;3549805
85500;3549904
86180;3549953
86370;3550001
86450;3550100
86700;3550209
86900;3550308
86980;3550407
87150;3550506
87250;3550605
87370;3550704
87500;3550803
87770;3550902
87950;3551009
89160;3551405
89480;3551504
89330;3551603
89760;3551702
89780;3551801
89900;3551900
90560;3552106
90750;3552205
90930;3552304
90980;3552403
91120;3552502
91180;3552601
91190;3552700
91230;3552809
91580;3553203
91650;3553302
91750;3553401
92080;3553609
92300;3553708
92340;3553807
92480;3553955
92600;3554003
92700;3554102
92910;3554300
93360;3554508
93590;3554607
94140;3554706
94350;3554805
94440;3554904
95100;3555000
95300;3555109
95710;3555406
95840;3555505
95870;3555604
96320;3555802
96650;3556008
96980;3556107
96990;3556206
97000;3556305
97060;3556354
97170;3556404
97155;3556453
97360;3556503
97750;3556602
98710;3556701
98740;3556800
98880;3556909
99180;3557006
99200;3557105
25155;3557204
33385;3557303
3150;4100103
5420;4100400
5936;4100509
5780;4100608
5820;4100707
6110;4100806
6700;4101002
6940;4101101
7450;4101200
7580;4101309
7950;4101408
8700;4101507
8740;4101606
9000;4101705
9120;4101804
9950;4101903
10006;4102000
10100;4102109
11100;4102307
11400;4102406
11690;4102505
13550;4102802
14420;4102901
14530;4103008
14620;4103040
15010;4103107
16180;4103305
18510;4103453
19550;4103602
19580;4103701
19920;4103909
20340;4104204
20380;4104253
20450;4104303
21090;4104402
21170;4104428
21480;4104451
21640;4104501
21926;4104600
22255;4104659
22770;4104709
23550;4104808
23750;4104907
23910;4105003
24670;4105102
24860;4105201
24935;4105300
25200;4105409
25300;4105508
25380;4105607
25750;4105706
26160;4105805
26230;4105904
27050;4106001
27250;4106209
27420;4106308
27600;4106407
27960;4106506
29350;4106605
29240;4106803
29900;4106902
29970;4107009
30717;4107124
31170;4107207
32255;4107405
32300;4107504
32653;4107538
34070;4107603
34145;4107652
34410;4107736
34758;4107850
34980;4108007
35270;4108205
35450;4108304
35525;4108320
35550;4108403
36700;4108502
37310;4108601
37685;4108700
38050;4108809
38690;4109302
38750;4109401
38910;4109609
39813;4109658
40150;4109708
40610;4109807
41350;4109906
41860;4110003
42140;4110078
42170;4110102
43240;4110508
43340;4110607
43900;4110706
43970;4110805
44873;4110953
45260;4111100
45685;4111209
47280;4111407
47300;4111506
47650;4111803
47950;4111902
48090;4112009
48350;4112108
48450;4112207
48680;4112405
48845;4112504
49060;4112702
49345;4112751
49760;4112801
50770;4112959
52400;4113205
52560;4113304
53338;4113452
53550;4113502
53560;4113601
53650;4113700
54000;4113809
54940;4113908
54985;4114005
55140;4114104
55150;4114203
55160;4114302
55270;4114401
55410;4114500
56130;4114609
56280;4114807
56455;4114906
56520;4115101
56550;4115200
56580;4115309
56600;4115358
56680;4115408
57230;4115606
57360;4115705
57690;4115804
57900;4115853
58820;4116059
60150;4116109
60220;4116208
62225;4116703
62283;4116802
62350;4116901
62390;4117008
62618;4117057
62650;4117107
62842;4117222
62805;4117255
64020;4117305
64260;4117404
64810;4117503
65100;4117602
65170;4117701
65420;4117800
65470;4117909
66030;4118006
66200;4118105
66250;4118204
66400;4118402
67290;4118451
67300;4118501
67620;4118600
67820;4118709
67920;4118808
69230;4118907
70126;4119152
70190;4119202
70230;4119301
70740;4119400
71090;4119509
71370;4119608
71605;4119806
72250;4119905
72356;4119954
72750;4120002
74350;4120507
74540;4120606
74760;4120705
74810;4120804
74830;4120853
74860;4120903
74990;4121000
75250;4121208
75515;4121356
75575;4121406
75580;4121505
75970;4121703
75975;4121752
76570;4121802
76650;4121901
76990;4122008
77075;4122156
77120;4122206
77490;4122305
78150;4122404
78260;4122503
78310;4122602
79250;4123006
79710;4123204
79960;4123303
80180;4123402
80295;4123501
80370;4123709
80420;4123808
80712;4123857
80810;4123907
81327;4124020
81376;4124053
82800;4124103
82875;4124400
83040;4124509
84470;4124707
84530;4124806
84765;4125001
85140;4125100
85315;4125308
85322;4125357
85785;4125456
85830;4125506
86650;4125605
86730;4125704
87073;4125753
87090;4125803
87400;4126009
88290;4126256
88405;4126272
88830;4126306
89680;4126405
89710;4126504
90210;4126603
91630;4126678
91865;4126801
92820;4127007
92860;4127106
93100;4127205
93190;4127304
93210;4127403
93300;4127502
93480;4127601
93900;4127700
93940;4127809
94376;4127858
95080;4127908
95285;4127957
95485;4127965
95850;4128005
96050;4128104
96250;4128203
96300;4128401
99295;4128500
97768;4128559
97820;4128609
99070;4128708
99480;4128807
3170;4200051
3175;4200101
3850;4200200
3875;4200309
3990;4200408
4270;4200507
4293;4200556
4320;4200606
5260;4200705
6890;4200804
7130;4200903
7330;4201000
7340;4201109
7500;4201208
7820;4201257
8030;4201273
8760;4201307
8800;4201406
9620;4201505
9810;4201604
9940;4201703
10170;4201802
10335;4201901
11094;4202008
11092;4202057
11870;4202099
12380;4202107
13580;4202131
13910;4202206
14310;4202305
14450;4202404
14970;4202438
15715;4202453
15280;4202503
15580;4202602
16350;4202701
16370;4202800
16380;4202859
17100;4202909
17850;4203006
18620;4203105
19610;4203204
20070;4203303
20110;4203402
20200;4203501
20690;4203600
21210;4203709
21450;4203808
21900;4203907
21957;4203956
23920;4204004
24430;4204103
24920;4204178
25100;4204202
25850;4204251
26800;4204301
27475;4204350
27770;4204400
28300;4204509
28140;4204558
28800;4204608
29760;4204707
29950;4204806
30550;4204905
30870;4205001
31440;4205100
31710;4205159
32645;4205175
32870;4205209
34077;4205308
35100;4205407
35285;4205431
35330;4205456
35490;4205506
35810;4205555
36200;4205605
36510;4205704
36560;4205803
36580;4205902
37465;4206009
37730;4206108
37780;4206207
37870;4206306
38550;4206405
38620;4206504
39070;4206603
39720;4206702
40460;4206801
40750;4206900
41330;4207007
42070;4207106
42120;4207205
42160;4207304
42200;4207403
42360;4207502
43190;4207601
43360;4207650
43440;4207684
43540;4207700
43600;4207759
43720;4207809
43980;4207908
44100;4208005
44820;4208104
44950;4208203
45690;4208302
46020;4208401
46160;4208450
47160;4208500
47400;4208609
47740;4208708
48190;4208807
48800;4208906
49400;4209003
49800;4209102
49890;4209151
50690;4209177
51430;4209201
51510;4209300
51950;4209409
52640;4209508
52670;4209607
52870;4209706
53020;4209805
53355;4209854
53670;4209904
53850;4210001
54070;4210035
54440;4210050
54650;4210100
54830;4210209
54860;4210308
55640;4210407
55950;4210506
56160;4210555
56990;4210605
57770;4210803
58790;4210852
58920;4210902
59200;4211009
59596;4211058
59640;4211108
60360;4211207
60390;4211256
61410;4211306
62325;4211405
62575;4211454
62890;4211504
62920;4211603
63970;4211702
64120;4211751
64990;4211900
65010;4212007
65440;4212106
65700;4212205
65990;4212239
67840;4212304
68310;4212403
68870;4212502
69180;4212601
69370;4212700
69630;4212809
70220;4212908
70330;4213005
71140;4213104
71613;4213153
72130;4213203
72400;4213302
72420;4213351
72560;4213401
72930;4213500
73350;4213609
73580;4213708
73830;4213807
74076;4213906
74120;4214003
74170;4214102
75040;4214201
75520;4214300
76970;4214409
77160;4214508
77530;4214607
77180;4214706
77750;4214805
77340;4214904
77470;4215000
77730;4215059
77890;4215075
78070;4215109
78250;4215208
78940;4215307
79166;4215356
79670;4215505
80305;4215554
81200;4215604
81212;4215653
81363;4215679
82130;4215703
83280;4215802
83380;4215901
83520;4216008
83580;4216057
83630;4216107
84100;4216206
84886;4216255
84580;4216305
85100;4216404
85200;4216503
85360;4216602
85520;4216701
85540;4216800
86170;4216909
86230;4217006
86570;4217105
86800;4217204
86990;4217253
88400;4217303
88490;4217402
88510;4217501
89125;4217550
89910;4217600
90730;4217709
90940;4217758
91520;4217808
91770;4217907
93470;4218004
93530;4218103
93550;4218202
93555;4218251
94370;4218301
94680;4218400
94690;4218509
94880;4218608
94900;4218707
95050;4218756
95490;4218806
96190;4218855
96420;4218905
96640;4218954
96700;4219002
97040;4219101
97120;4219176
98180;4219200
98200;4219309
98915;4219358
99330;4219408
99500;4219507
99610;4219606
99630;4219705
99920;4219853
4140;4300059
4380;4300109
4650;4300208
4990;4300307
5050;4300406
6065;4300604
7610;4300802
9050;4300901
9760;4301008
9770;4301107
9800;4301206
9750;4301305
9920;4301404
10260;4301503
10280;4301552
10800;4301602
12230;4301909
12920;4302006
14050;4302105
14750;4302204
15340;4302303
15540;4302352
16210;4302501
17000;4302659
17550;4302709
17880;4302808
17920;4302907
18200;4303004
18260;4303103
18610;4303301
19450;4303509
20030;4303806
20120;4303905
20470;4304002
21050;4304200
21110;4304309
21162;4304358
21180;4304408
21300;4304507
21400;4304606
21690;4304630
21700;4304663
21955;4304671
22500;4304705
22790;4304804
23460;4304903
24220;4305009
24500;4305108
24640;4305116
24910;4305207
25000;4305306
25135;4305355
25250;4305439
25280;4305447
26240;4305603
26910;4305702
27230;4305801
27720;4305900
28850;4306007
28875;4306056
29200;4306106
30335;4306304
31120;4306403
31150;4306452
31230;4306502
31300;4306601
31700;4306734
31985;4306767
32150;4306809
32250;4306908
32620;4306932
32750;4307005
32860;4307302
32950;4307401
33210;4307500
33300;4307609
33320;4307708
33450;4307807
33555;4307815
33810;4307864
34000;4307906
34090;4308003
34350;4308102
34850;4308201
35190;4308300
35230;4308409
35390;4308458
35700;4308508
36500;4308607
36610;4308706
36690;4308805
36900;4308904
36950;4309001
37650;4309100
37770;4309209
37950;4309308
38400;4309407
38670;4309506
39570;4309555
39830;4309605
39880;4309654
40270;4309803
40710;4309902
40880;4310009
41770;4310108
42000;4310207
42100;4310306
42420;4310405
43070;4310439
43270;4310462
43620;4310504
46450;4310603
47340;4310751
47350;4310801
48000;4311007
48070;4311106
48720;4311122
50500;4311205
51900;4311304
52050;4311403
52770;4311502
54390;4311700
55930;4311809
55980;4311908
57030;4312104
57630;4312203
59580;4312385
59900;4312401
60610;4312500
61230;4312658
61870;4312708
62155;4312757
62230;4312906
62260;4313003
62523;4313060
62740;4313086
62750;4313102
62780;4313201
62800;4313300
62844;4313375
63100;4313409
64070;4313508
65090;4313656
65250;4313706
65430;4313805
65550;4313904
65633;4313953
65920;4314001
66040;4314027
66880;4314050
67170;4314076
67100;4314100
68570;4314209
68690;4314308
68700;4314407
70170;4314472
70310;4314506
71040;4314555
71120;4314605
71590;4314704
72790;4314803
72900;4314902
73440;4315107
73570;4315131
74700;4315305
75680;4315404
76050;4315503
77400;4315602
77600;4315701
78170;4316006
78270;4316105
78290;4316204
78380;4316303
78500;4316402
78890;4316436
79245;4316451
79305;4316501
79410;4316600
79620;4316709
79760;4316758
80050;4316808
80650;4316907
81700;4317103
81150;4317202
81400;4317301
82000;4317400
82300;4317509
82750;4317608
82655;4317707
82920;4317806
82950;4317905
83400;4318002
83950;4318101
84050;4318200
84150;4318309
84450;4318408
85015;4318432
85300;4318440
85770;4318507
85780;4318606
85387;4318622
86100;4318705
86200;4318804
86300;4318903
86490;4319000
86560;4319109
86775;4319158
86880;4319208
86920;4319307
87140;4319406
87460;4319505
87750;4319604
87885;4319703
88037;4319802
88100;4319901
88220;4320008
88300;4320107
88560;4320206
89000;4320404
89720;4320503
89730;4320552
89890;4320602
90180;4320677
90470;4320701
90650;4320800
91150;4320859
91870;4320909
91880;4321006
91950;4321105
92150;4321204
92270;4321303
92880;4321402
93270;4321451
94120;4321501
94250;4321600
94390;4321667
94420;4321709
94520;4321808
94530;4321857
94550;4321907
94820;4322004
94940;4322103
95200;4322202
95270;4322301
96600;4322400
96800;4322509
96863;4322533
97035;4322558
97590;4322608
97760;4322707
97800;4322806
98000;4323002
98175;4323200
98451;4323408
98900;4323705
3950;5000203
4905;5000252
6140;5000609
6870;5000807
7115;5000856
7555;5000906
7730;5001003
8000;5001102
8490;5001243
11420;5001508
13000;5001904
13020;5002001
13450;5002100
15930;5002209
16560;5002308
17575;5002407
19430;5002605
20250;5002704
23620;5002902
25065;5002951
28250;5003207
28425;5003256
28600;5003306
30445;5003454
31140;5003488
31596;5003504
31650;5003702
31970;5003751
34066;5003801
34686;5003900
37015;5004007
39250;5004106
41880;5004304
42850;5004403
46220;5004502
46455;5004601
47325;5004700
48810;5004908
48840;5005004
49080;5005103
51070;5005152
51470;5005202
51970;5005251
55650;5005400
58600;5005608
60810;5005681
61430;5005707
61750;5005806
62152;5006002
62200;5006200
66300;5006309
66420;5006358
68530;5006408
72300;5006606
73190;5006903
76440;5007109
77130;5007208
77480;5007307
77810;5007406
81058;5007554
84165;5007695
89825;5007703
88658;5007802
89920;5007901
90735;5007935
91410;5007950
92365;5007976
92980;5008008
94500;5008305
98090;5008404
3896;5100201
5485;5100250
5600;5100300
5690;5100409
5923;5100607
8756;5101258
9400;5101308
9550;5101407
11890;5101704
12050;5101803
16627;5101902
17950;5102504
19968;5102603
20480;5102637
20550;5102678
20682;5102686
20925;5102702
22765;5102793
25030;5103007
25697;5103056
26112;5103205
26149;5103254
26320;5103304
26968;5103353
28495;5103379
29550;5103403
30440;5103452
30760;5103502
31195;5103601
34370;5103700
36600;5103858
38710;5104104
39350;5104203
43257;5104526
46669;5104559
46820;5104609
47700;5104807
49165;5105002
50130;5105101
50420;5105150
50975;5105200
53790;5105259
98255;5105507
55975;5105580
57471;5105606
58755;5105622
61850;5105903
62281;5106216
62695;5106224
62706;5106232
62892;5106240
62990;5106257
63215;5106281
66317;5106299
66385;5106307
68175;5106372
68685;5106422
71970;5106505
72590;5106752
73110;5106802
73000;5106828
73650;5107008
74335;5107040
74987;5107065
85873;5107107
77105;5107206
85885;5107305
78350;5107602
78480;5107701
82620;5107800
83755;5107859
88091;5107875
90185;5107909
90757;5107925
91178;5107941
91775;5107958
92130;5108006
93165;5108055
94040;5108204
97330;5108402
97715;5108501
98658;5108600
62663;5108907
63180;5108956
3490;5200134
4297;5200258
5190;5200308
5775;5200605
6095;5200803
6800;5201108
7300;5201306
7676;5201405
7870;5201504
13540;5203302
15250;5203401
15385;5203500
17450;5203906
18020;5204102
18370;5204300
18600;5204409
19190;5204508
20055;5204706
20080;5204805
20620;5204904
23020;5205000
23850;5205109
24370;5205307
24800;5205406
25062;5205471
25865;5205513
28260;5205802
28270;5205901
28930;5206206
29040;5206404
31745;5207253
31940;5207402
34140;5207600
34710;5207808
35250;5208004
31005;5208301
37150;5208509
37170;5208608
37200;5208707
37220;5208806
37250;5208905
37300;5209101
37445;5209150
40010;5209903
42265;5209937
42475;5209952
42800;5210000
42900;5210109
43350;5210208
44260;5210406
44640;5210604
44940;5210802
45490;5210901
46030;5211008
46350;5211206
46530;5211305
47100;5211503
48340;5211701
48750;5211800
49050;5211909
50060;5212105
50980;5212204
54080;5212501
55585;5212808
57455;5212956
57585;5213004
58210;5213087
58300;5213103
59955;5213707
60020;5213756
60250;5213806
60665;5214002
61580;5214507
61780;5214606
62295;5214838
63095;5215231
63900;5215306
64610;5215603
65350;5215702
66600;5216403
69241;5216452
69390;5216809
70600;5217104
70950;5217203
71170;5217302
71200;5217401
71540;5217609
72370;5217708
72700;5218003
72845;5218102
73450;5218300
75200;5218508
77710;5218789
77800;5218805
78600;5218904
79415;5219001
80310;5219308
81375;5219704
82525;5219738
83650;5219803
86350;5220108
86690;5220207
87780;5220405
88730;5220454
89520;5220504
89970;5220603
94620;5221304
94750;5221403
96400;5221601
96410;5221700
97020;5221858
98030;5222005
98095;5222054
2000;5300108
